{
    "image_0000_segmented": {
        "scale": 0.0533497161476365,
        "translation": [
            0.23543171243876912,
            -0.022627538511583112,
            0.07653930484941453
        ],
        "rotation": [
            [
                0.2319906444229346,
                -0.2184954836612602,
                -0.9478607238019642
            ],
            [
                -0.8747432666810295,
                0.3793400115221045,
                -0.301538297835255
            ],
            [
                0.4254463048334436,
                0.8990888499301712,
                -0.10312411940448583
            ]
        ]
    },
    "image_0001_segmented": {
        "scale": 0.059809003729444775,
        "translation": [
            0.32359165670628165,
            -0.0701795262195577,
            0.08889504473428254
        ],
        "rotation": [
            [
                -0.030320567300479485,
                -0.10019354202626747,
                -0.9945058060338902
            ],
            [
                -0.9968440145428855,
                -0.06999963310269601,
                0.03744410880570676
            ],
            [
                -0.0733667081761267,
                0.9925024867940816,
                -0.09775490407823635
            ]
        ]
    },
    "image_0002_segmented": {
        "scale": 0.050457583167750834,
        "translation": [
            0.30088831979025754,
            0.053909040008599196,
            0.09056356430088247
        ],
        "rotation": [
            [
                0.13002061206887902,
                -0.08855594865646615,
                -0.9875486657379372
            ],
            [
                -0.9915096463616915,
                -0.009798481232157367,
                -0.12966344481614955
            ],
            [
                0.0018059925099752406,
                0.9960229487887384,
                -0.08907808186274753
            ]
        ]
    },
    "image_0003_segmented": {
        "scale": 0.035114173864971655,
        "translation": [
            0.18792555268200256,
            0.057911645291334926,
            0.08393708366935854
        ],
        "rotation": [
            [
                0.7917634356589818,
                0.22685473897740166,
                -0.5671397930658078
            ],
            [
                -0.5795222801839747,
                -0.014445635943985123,
                -0.8148283078043056
            ],
            [
                -0.1930403810705249,
                0.9738214065198951,
                0.12002984925743541
            ]
        ]
    }
}