{
    "image_0000_segmented": {
        "translation": [
            0.3676092931326029,
            0.09729452836539987,
            0.018840066872930106
        ],
        "scale": 0.05291400580581986,
        "rotation": [
            [
                -0.7650129453812281,
                0.0012332253248286988,
                0.644013682394845
            ],
            [
                0.6430066047392823,
                -0.05447323366078128,
                0.7639208749307007
            ],
            [
                0.03602359866531178,
                0.9985144098912914,
                0.0408797568982775
            ]
        ]
    },
    "image_0001_segmented": {
        "translation": [
            0.26170671013585745,
            0.12607880076439787,
            0.013822398944284053
        ],
        "scale": 0.02008686459368526,
        "rotation": [
            [
                -0.38321706716078385,
                0.8132728331826006,
                0.43787198647672015
            ],
            [
                0.8851465621092104,
                0.18788871412944258,
                0.42569163590369646
            ],
            [
                0.26393226976429596,
                0.5507131836996905,
                -0.7918678143296913
            ]
        ]
    }
}