{
    "image_0000_segmented": {
        "scale": 0.03404416668910662,
        "translation": [
            0.2504838901890195,
            -0.012355109336384507,
            0.1187007305180385
        ],
        "rotation": [
            [
                -0.7650129453812281,
                0.0012332253248286988,
                0.644013682394845
            ],
            [
                0.6430066047392823,
                -0.05447323366078128,
                0.7639208749307007
            ],
            [
                0.03602359866531178,
                0.9985144098912914,
                0.0408797568982775
            ]
        ]
    },
    "image_0001_segmented": {
        "scale": 0.012566448825733071,
        "translation": [
            0.17839059053618664,
            0.00018516877092050743,
            0.12054089960241322
        ],
        "rotation": [
            [
                -0.38321706716078385,
                0.8132728331826006,
                0.43787198647672015
            ],
            [
                0.8851465621092104,
                0.18788871412944258,
                0.42569163590369646
            ],
            [
                0.26393226976429596,
                0.5507131836996905,
                -0.7918678143296913
            ]
        ]
    }
}