{
    "image_0000_segmented": {
        "scale": 0.030442450226128785,
        "translation": [
            0.27857056990620843,
            0.10774984448479365,
            0.04395898556979281
        ],
        "rotation": [
            [
                0.7772957806686615,
                0.045948867292549905,
                -0.6274551169325585
            ],
            [
                -0.6259615034563034,
                -0.04356846280244898,
                -0.7786359308046249
            ],
            [
                -0.0631147014998938,
                0.9979931720379056,
                -0.00510336025400455
            ]
        ]
    },
    "image_0001_segmented": {
        "scale": 0.04076883668433053,
        "translation": [
            0.36110460334592476,
            0.015932591248320083,
            0.0555358253035006
        ],
        "rotation": [
            [
                0.6997577487591778,
                0.4892411741524814,
                -0.5205594161363641
            ],
            [
                -0.7140406047696941,
                0.4565329493085726,
                -0.5307764336382992
            ],
            [
                -0.022025162692188842,
                0.7431154826137292,
                0.6688005327126273
            ]
        ]
    },
    "image_0002_segmented": {
        "scale": 0.06550207253784428,
        "translation": [
            0.33667028328661663,
            -0.047849764611437196,
            0.03919841064247582
        ],
        "rotation": [
            [
                -0.10346944559016016,
                -0.05482423700332001,
                -0.9931204654689344
            ],
            [
                -0.9911605126768132,
                0.08904010718429299,
                0.09834986184364741
            ],
            [
                0.08303560645592435,
                0.9945179953828546,
                -0.06355254938097293
            ]
        ]
    },
    "image_0003_segmented": {
        "scale": 0.02156590661095258,
        "translation": [
            0.3585218886537975,
            -0.13133550277739484,
            0.04718251432903793
        ],
        "rotation": [
            [
                -0.07521657583022108,
                0.3057547258342911,
                -0.9491345509544589
            ],
            [
                -0.9935804638468535,
                0.057678440421122544,
                0.0973193600823325
            ],
            [
                0.0845004649824376,
                0.9503615764177875,
                0.2994535475300987
            ]
        ]
    },
    "image_0004_segmented": {
        "scale": 0.028959641167555568,
        "translation": [
            0.22191238480021347,
            -0.05429165930113325,
            0.02913072035606537
        ],
        "rotation": [
            [
                0.766052463021312,
                0.5990684527384421,
                -0.23298189539020278
            ],
            [
                -0.6265085823789099,
                0.6148550191570663,
                -0.47899919541147795
            ],
            [
                -0.14370323623547976,
                0.5129036704310569,
                0.846332728899375
            ]
        ]
    },
    "image_0005_segmented": {
        "scale": 0.03694758690653864,
        "translation": [
            0.2320652499422433,
            -0.1391897510397104,
            0.035238883911078406
        ],
        "rotation": [
            [
                0.5232802803713589,
                0.05244981710573647,
                -0.8505449302023486
            ],
            [
                -0.8259370788899476,
                0.2769183956219949,
                -0.4910642585169891
            ],
            [
                0.20977533193684275,
                0.9594608379931059,
                0.18822618442968841
            ]
        ]
    }
}